SHA256	BYTES	PATH	URL
b9d9264c0b8f2875b6b02da292bf09db67f7e255aec4f07af0a7bb46fe97a4c8	79	404.html	https://cityinminiatures.top/__codex_missing_probe__
0e001de2257f997199879b385448c707eda3abfc7e8d0b1640f92dd5b63fecf7	24503	assets\index-CJdN52Ic.css	https://cityinminiatures.top/assets/index-CJdN52Ic.css
bd2411b90aff0e56ec59467180f71fd8d9e0cc7f660666a8db2668a393072f5e	1020907	assets\index-zfVzkv9E.js	https://cityinminiatures.top/assets/index-zfVzkv9E.js
dc544a32c4ecdb4391082b1b7e96924a6b25f5b7236e89a49f0c2c6eba2ebb17	19604	assets\traffic-Cw95n69J.js	https://cityinminiatures.top/assets/traffic-Cw95n69J.js
8cc44e13fa653d3618cb6e89e8072c6156901d9cd704439567fdd2b2cad61bf8	7377792	audio\bay-breeze.mp3	https://cityinminiatures.top/audio/bay-breeze.mp3
076c47374f6c7a544d5542cc0621b2f978106e34eb194e31f40f1667d2f52bcc	9899	data\activity.076c47374f6c.json	https://cityinminiatures.top/data/activity.076c47374f6c.json
154e3e0b73a0f912e698d08fc213d62326a5856da92f34ecf24386f95f84ebb2	2296483	data\buildings.154e3e0b73a0.json	https://cityinminiatures.top/data/buildings.154e3e0b73a0.json
1fb0e5de0b0acf512e4f26b0aa15ee0769d5ec8673a19f4a8bcfbf265e84ac31	1136064	data\elevation.1fb0e5de0b0a.json	https://cityinminiatures.top/data/elevation.1fb0e5de0b0a.json
62cb8ed28b0fe7d0434150286bcf27c4b6924ba0d010c1d564ad782179267f25	985771	data\geography.62cb8ed28b0f.json	https://cityinminiatures.top/data/geography.62cb8ed28b0f.json
8e73a8b6b3f36473b859d69e0c38cf7368de5fb3b07f01e88083963f34c53f00	1586438	data\night-lighting.8e73a8b6b3f3.json	https://cityinminiatures.top/data/night-lighting.8e73a8b6b3f3.json
647933fc14403b98706e8c1374a81d1cd72b5411abd99826f8204dbf8f6123a3	4518142	data\surfaces.647933fc1440.json	https://cityinminiatures.top/data/surfaces.647933fc1440.json
d7448f9f8c1482095649a2f71e50b27dc38f4ae6cbd094db4fa580131a4366ea	3794964	data\terrain-buffers.d7448f9f8c14.bin	https://cityinminiatures.top/data/terrain-buffers.d7448f9f8c14.bin
2a788207027b7205c798347b608e82e563f10ae469f505b789eb05ad19e5bb48	227	data\terrain-meta.2a788207027b.json	https://cityinminiatures.top/data/terrain-meta.2a788207027b.json
7b70bd13efe849edbbe5d0c237d31c2c8fe5e8ec62afa14ffbd9933a5aec7ae7	59660	data\traffic-demand.7b70bd13efe8.json	https://cityinminiatures.top/data/traffic-demand.7b70bd13efe8.json
e4b4ee40e79914a86d88f5ad11f25c15b26440ba652eef9061fff7539bd6109a	2741642	data\traffic-meta.e4b4ee40e799.json	https://cityinminiatures.top/data/traffic-meta.e4b4ee40e799.json
b0b12d5d1d1e96fd458fad71b92b1f95982c73a01b1341db057948eeb0d23f42	1403520	data\traffic-points.b0b12d5d1d1e.bin	https://cityinminiatures.top/data/traffic-points.b0b12d5d1d1e.bin
455bffafcaaf17341e12eb70153d66098015d17b7ee1c451d4dd2fbe46120f19	1732816	data\urban-instances.455bffafcaaf.bin	https://cityinminiatures.top/data/urban-instances.455bffafcaaf.bin
ce5f75845c71553cc9ac12b4868bfef2c274697d088f670c114b4247fad8f194	4726	data\urban-meta.ce5f75845c71.json	https://cityinminiatures.top/data/urban-meta.ce5f75845c71.json
0aa68ad1e3c46214689e805f8efc78e11e8ad431c9142e34c7d801e66fc03acd	3100	index.html	https://cityinminiatures.top/
